<?xml version="1.0" encoding="UTF-8" standalone="yes"?>
<addon id="repository.FTV-Guide-Repo" name="FTV Guide Repo" version="1.0.0" provider-name="rayw1986, bluezed">
	<extension point="xbmc.addon.repository" name="FTV-Guide-Repo-1.0.0">
		<info compressed="false">http://github.com/bluezed/FTV-Guide-Repo/raw/master/addons.xml</info>
		<checksum>http://github.com/bluezed/FTV-Guide-Repo/raw/master/addons.xml.md5</checksum>
		<datadir zip="true">http://github.com/bluezed/FTV-Guide-Repo/raw/master/zips</datadir>
	</extension>
	<extension point="xbmc.addon.metadata">
		<summary>FTV Guide Repo</summary>
		<description>Download and install addons from FTV Guide. For OFFICIAL Support Visit TVADDONS.AG</description>
		<platform>all</platform>
	</extension>
</addon>

